family,candidate_id,parameters,stability_seeds,stability_mean_ap,stability_std_ap,stability_min_ap,stability_max_ap
logistic,19,"{""C"": 30, ""class_weight"": null}",[42],0.24042980872514363,0.06769945915097025,0.17355723762222583,0.3512951247216624
logistic,11,"{""C"": 0.3, ""class_weight"": null}",[42],0.23968242412119328,0.06225089183863886,0.18716798238181315,0.34152597718064887
logistic,15,"{""C"": 3, ""class_weight"": null}",[42],0.2385376687774029,0.06353936134834241,0.18041157420536372,0.342873551898647
logistic,13,"{""C"": 1, ""class_weight"": null}",[42],0.23837203040342492,0.06346533335023864,0.18566716712221804,0.3429021946222382
logistic,20,"{""C"": 30, ""class_weight"": ""balanced""}",[42],0.23817176120164302,0.07043445739058846,0.1703163313986128,0.3522892569396992
logistic,17,"{""C"": 10, ""class_weight"": null}",[42],0.23793949299917053,0.0644104110719021,0.17520891536995592,0.3434500525095876
logistic,14,"{""C"": 1, ""class_weight"": ""balanced""}",[42],0.2377345640327905,0.06882968900999614,0.1797976978772476,0.3517974722236854
logistic,12,"{""C"": 0.3, ""class_weight"": ""balanced""}",[42],0.237520899304429,0.06675412954746482,0.18320154906149985,0.3479560749963613
logistic,21,"{""C"": 100, ""class_weight"": null}",[42],0.23725100718506603,0.06556952868453246,0.1721268884280866,0.34411319409108987
logistic,9,"{""C"": 0.1, ""class_weight"": null}",[42],0.2370024474400842,0.058509642833094164,0.18292751796534773,0.33082410967390413
random_forest,93,"{""class_weight"": null, ""criterion"": ""gini"", ""max_depth"": null, ""max_features"": ""log2"", ""min_samples_leaf"": 5, ""min_samples_split"": 10, ""n_estimators"": 200}","[1, 7, 42, 101, 202]",0.27726873842996425,0.030426450518396493,0.22664141421708334,0.32195693913122714
random_forest,138,"{""class_weight"": null, ""criterion"": ""entropy"", ""max_depth"": null, ""max_features"": ""sqrt"", ""min_samples_leaf"": 2, ""min_samples_split"": 20, ""n_estimators"": 200}","[1, 7, 42, 101, 202]",0.28519749128793104,0.032572519203469166,0.23776909540591257,0.3437785845938618
random_forest,31,"{""class_weight"": null, ""criterion"": ""entropy"", ""max_depth"": null, ""max_features"": ""log2"", ""min_samples_leaf"": 2, ""min_samples_split"": 10, ""n_estimators"": 800}","[1, 7, 42, 101, 202]",0.2809596514095237,0.026405707219850166,0.23819562129982774,0.31623099903661733
random_forest,72,"{""class_weight"": null, ""criterion"": ""entropy"", ""max_depth"": null, ""max_features"": ""sqrt"", ""min_samples_leaf"": 5, ""min_samples_split"": 10, ""n_estimators"": 200}","[1, 7, 42, 101, 202]",0.2767053597263031,0.024970017893394966,0.23415366669303475,0.31856742994855053
random_forest,209,"{""class_weight"": null, ""criterion"": ""log_loss"", ""max_depth"": 14, ""max_features"": ""sqrt"", ""min_samples_leaf"": 5, ""min_samples_split"": 10, ""n_estimators"": 400}","[1, 7, 42, 101, 202]",0.28064028508788985,0.025284131161595138,0.2418355512369703,0.3108994042848858
random_forest,78,"{""class_weight"": null, ""criterion"": ""entropy"", ""max_depth"": 14, ""max_features"": ""log2"", ""min_samples_leaf"": 5, ""min_samples_split"": 5, ""n_estimators"": 400}","[1, 7, 42, 101, 202]",0.2765328756141626,0.0247922117266737,0.2338921977655492,0.3137465389308158
random_forest,50,"{""class_weight"": ""balanced_subsample"", ""criterion"": ""entropy"", ""max_depth"": 20, ""max_features"": ""sqrt"", ""min_samples_leaf"": 10, ""min_samples_split"": 5, ""n_estimators"": 200}","[1, 7, 42, 101, 202]",0.2697501076932459,0.01910893529917591,0.23810088026109552,0.3185739355892977
random_forest,103,"{""class_weight"": null, ""criterion"": ""gini"", ""max_depth"": null, ""max_features"": ""log2"", ""min_samples_leaf"": 5, ""min_samples_split"": 5, ""n_estimators"": 800}","[1, 7, 42, 101, 202]",0.27913143936602014,0.03132112445741496,0.22886115759596548,0.3164063136366611
random_forest,18,"{""class_weight"": ""balanced"", ""criterion"": ""log_loss"", ""max_depth"": 20, ""max_features"": 0.3, ""min_samples_leaf"": 5, ""min_samples_split"": 2, ""n_estimators"": 200}","[1, 7, 42, 101, 202]",0.2737594708826631,0.017184344225714406,0.25226275559051414,0.3151021923420606
random_forest,58,"{""class_weight"": null, ""criterion"": ""gini"", ""max_depth"": 14, ""max_features"": ""sqrt"", ""min_samples_leaf"": 2, ""min_samples_split"": 10, ""n_estimators"": 400}","[1, 7, 42, 101, 202]",0.27808421438748854,0.029130602182385536,0.22967527774488,0.30958139033122434
gradient_boosting,107,"{""l2_regularization"": 10, ""learning_rate"": 0.05, ""max_iter"": 400, ""max_leaf_nodes"": 5, ""min_samples_leaf"": 40}",[42],0.2875657807847153,0.021550606489643506,0.2591086782361327,0.31980907786524215
gradient_boosting,54,"{""l2_regularization"": 1, ""learning_rate"": 0.03, ""max_iter"": 200, ""max_leaf_nodes"": 7, ""min_samples_leaf"": 40}",[42],0.2868002513736402,0.026491731011202183,0.24702264147321207,0.321623667705198
gradient_boosting,163,"{""l2_regularization"": 10, ""learning_rate"": 0.2, ""max_iter"": 100, ""max_leaf_nodes"": 5, ""min_samples_leaf"": 80}",[42],0.28580574374013673,0.022094345974430635,0.26097701941925217,0.3185039001440972
gradient_boosting,34,"{""l2_regularization"": 5, ""learning_rate"": 0.01, ""max_iter"": 800, ""max_leaf_nodes"": 7, ""min_samples_leaf"": 40}",[42],0.28565137390441586,0.023983272313832345,0.2508661312366141,0.3169723485297258
gradient_boosting,114,"{""l2_regularization"": 10, ""learning_rate"": 0.05, ""max_iter"": 800, ""max_leaf_nodes"": 5, ""min_samples_leaf"": 40}",[42],0.28431230339827196,0.017116820350536893,0.26286475760873435,0.3091587703430523
gradient_boosting,75,"{""l2_regularization"": 5, ""learning_rate"": 0.03, ""max_iter"": 800, ""max_leaf_nodes"": 5, ""min_samples_leaf"": 80}",[42],0.2842155511666971,0.015345760517136584,0.26429876921326145,0.30508012474262136
gradient_boosting,137,"{""l2_regularization"": 5, ""learning_rate"": 0.1, ""max_iter"": 200, ""max_leaf_nodes"": 5, ""min_samples_leaf"": 80}",[42],0.2839573978942639,0.01994169468496537,0.2597731241742206,0.3136125101428783
gradient_boosting,63,"{""l2_regularization"": 5, ""learning_rate"": 0.03, ""max_iter"": 400, ""max_leaf_nodes"": 7, ""min_samples_leaf"": 10}",[42],0.2829665793880646,0.013884343533726948,0.26445082317077906,0.3033785183608615
gradient_boosting,90,"{""l2_regularization"": 0, ""learning_rate"": 0.05, ""max_iter"": 100, ""max_leaf_nodes"": 5, ""min_samples_leaf"": 20}",[42],0.28279452217749235,0.01622305713968446,0.26525223952993815,0.3036959448377869
gradient_boosting,32,"{""l2_regularization"": 5, ""learning_rate"": 0.01, ""max_iter"": 800, ""max_leaf_nodes"": 7, ""min_samples_leaf"": 10}",[42],0.2827709875930618,0.016436585335765332,0.2597073065057641,0.3059516882836207
xgboost,60,"{""colsample_bytree"": 0.7, ""learning_rate"": 0.05, ""max_depth"": 4, ""min_child_weight"": 10, ""n_estimators"": 200, ""reg_alpha"": 1, ""reg_lambda"": 3, ""scale_pos_weight"": ""train_ratio"", ""subsample"": 1.0}","[1, 7, 42, 101, 202]",0.2892140528084437,0.014940803035731738,0.26343640927464146,0.3086094925068788
xgboost,183,"{""colsample_bytree"": 0.7, ""learning_rate"": 0.1, ""max_depth"": 2, ""min_child_weight"": 1, ""n_estimators"": 400, ""reg_alpha"": 0.1, ""reg_lambda"": 10, ""scale_pos_weight"": ""train_ratio"", ""subsample"": 0.8}","[1, 7, 42, 101, 202]",0.2826301913853501,0.017162327210475642,0.25927568442219506,0.32065435472779213
xgboost,225,"{""colsample_bytree"": 0.7, ""learning_rate"": 0.01, ""max_depth"": 4, ""min_child_weight"": 5, ""n_estimators"": 800, ""reg_alpha"": 0, ""reg_lambda"": 3, ""scale_pos_weight"": ""sqrt_train_ratio"", ""subsample"": 0.8}","[1, 7, 42, 101, 202]",0.28308989707526633,0.008893164392045726,0.26810557825689224,0.2999282388616411
xgboost,175,"{""colsample_bytree"": 0.7, ""learning_rate"": 0.1, ""max_depth"": 3, ""min_child_weight"": 1, ""n_estimators"": 100, ""reg_alpha"": 1, ""reg_lambda"": 1, ""scale_pos_weight"": ""train_ratio"", ""subsample"": 0.8}","[1, 7, 42, 101, 202]",0.2717050323131033,0.023336081318896303,0.2167879873848414,0.31476327799385384
xgboost,69,"{""colsample_bytree"": 1.0, ""learning_rate"": 0.03, ""max_depth"": 6, ""min_child_weight"": 3, ""n_estimators"": 100, ""reg_alpha"": 1, ""reg_lambda"": 1, ""scale_pos_weight"": ""train_ratio"", ""subsample"": 0.8}","[1, 7, 42, 101, 202]",0.27424473986611764,0.016924440015893417,0.25021908559303296,0.3076163811087544
xgboost,44,"{""colsample_bytree"": 0.5, ""learning_rate"": 0.1, ""max_depth"": 2, ""min_child_weight"": 5, ""n_estimators"": 400, ""reg_alpha"": 1, ""reg_lambda"": 3, ""scale_pos_weight"": ""one"", ""subsample"": 0.8}","[1, 7, 42, 101, 202]",0.2768421019327506,0.018773906518759917,0.2527968743357953,0.31980170769289
xgboost,17,"{""colsample_bytree"": 1.0, ""learning_rate"": 0.03, ""max_depth"": 3, ""min_child_weight"": 10, ""n_estimators"": 800, ""reg_alpha"": 0, ""reg_lambda"": 10, ""scale_pos_weight"": ""sqrt_train_ratio"", ""subsample"": 0.8}","[1, 7, 42, 101, 202]",0.28067786971717806,0.00746370684784819,0.26846209592590864,0.29738297039416295
xgboost,219,"{""colsample_bytree"": 1.0, ""learning_rate"": 0.01, ""max_depth"": 4, ""min_child_weight"": 1, ""n_estimators"": 800, ""reg_alpha"": 0.1, ""reg_lambda"": 10, ""scale_pos_weight"": ""sqrt_train_ratio"", ""subsample"": 0.6}","[1, 7, 42, 101, 202]",0.28207357122466925,0.009898885385069544,0.2620709465151167,0.29334911012484777
xgboost,18,"{""colsample_bytree"": 0.7, ""learning_rate"": 0.01, ""max_depth"": 4, ""min_child_weight"": 5, ""n_estimators"": 400, ""reg_alpha"": 1, ""reg_lambda"": 3, ""scale_pos_weight"": ""train_ratio"", ""subsample"": 1.0}","[1, 7, 42, 101, 202]",0.28287263845801924,0.022201601999631733,0.2459545875853236,0.30869663606720116
xgboost,61,"{""colsample_bytree"": 0.7, ""learning_rate"": 0.03, ""max_depth"": 2, ""min_child_weight"": 10, ""n_estimators"": 800, ""reg_alpha"": 0.1, ""reg_lambda"": 3, ""scale_pos_weight"": ""train_ratio"", ""subsample"": 0.8}","[1, 7, 42, 101, 202]",0.27960639317344854,0.01918559982232149,0.2317311876953621,0.3110081009666031
