family,candidate_id,parameters,fold_1_ap,fold_2_ap,fold_3_ap,fold_4_ap,mean_ap,median_ap,std_ap,min_ap,max_ap,training_seconds,stability_seeds,stability_mean_ap,stability_std_ap,stability_min_ap,stability_max_ap
logistic,19,"{""C"": 30, ""class_weight"": null}",0.17355723762222583,0.20108225161019913,0.2357846209464871,0.3512951247216624,0.24042980872514363,0.2184334362783431,0.06769945915097025,0.17355723762222583,0.3512951247216624,0.23050360000002001,[42],0.24042980872514363,0.06769945915097025,0.17355723762222583,0.3512951247216624
logistic,11,"{""C"": 0.3, ""class_weight"": null}",0.19099561173914287,0.18716798238181315,0.23904012518316822,0.34152597718064887,0.23968242412119328,0.21501786846115556,0.06225089183863886,0.18716798238181315,0.34152597718064887,0.18380960000013147,[42],0.23968242412119328,0.06225089183863886,0.18716798238181315,0.34152597718064887
logistic,15,"{""C"": 3, ""class_weight"": null}",0.18041157420536372,0.19522497766034067,0.23564057134526017,0.342873551898647,0.2385376687774029,0.2154327745028004,0.06353936134834241,0.18041157420536372,0.342873551898647,0.2341413999999986,[42],0.2385376687774029,0.06353936134834241,0.18041157420536372,0.342873551898647
logistic,13,"{""C"": 1, ""class_weight"": null}",0.18566716712221804,0.18939311240725465,0.23552564746198884,0.3429021946222382,0.23837203040342492,0.21245937993462174,0.06346533335023864,0.18566716712221804,0.3429021946222382,0.24625240000000304,[42],0.23837203040342492,0.06346533335023864,0.18566716712221804,0.3429021946222382
logistic,20,"{""C"": 30, ""class_weight"": ""balanced""}",0.1703163313986128,0.19109496042373292,0.23898649604452718,0.3522892569396992,0.23817176120164302,0.21504072823413006,0.07043445739058846,0.1703163313986128,0.3522892569396992,0.30926880000015444,[42],0.23817176120164302,0.07043445739058846,0.1703163313986128,0.3522892569396992
logistic,17,"{""C"": 10, ""class_weight"": null}",0.17520891536995592,0.19905468489702907,0.2340443192201095,0.3434500525095876,0.23793949299917053,0.21654950205856927,0.0644104110719021,0.17520891536995592,0.3434500525095876,0.2367629999998826,[42],0.23793949299917053,0.0644104110719021,0.17520891536995592,0.3434500525095876
logistic,14,"{""C"": 1, ""class_weight"": ""balanced""}",0.1797976978772476,0.18722148093631083,0.23212160509391824,0.3517974722236854,0.2377345640327905,0.20967154301511454,0.06882968900999614,0.1797976978772476,0.3517974722236854,0.2567408999998406,[42],0.2377345640327905,0.06882968900999614,0.1797976978772476,0.3517974722236854
logistic,12,"{""C"": 0.3, ""class_weight"": ""balanced""}",0.18597423956433068,0.18320154906149985,0.23295173359552407,0.3479560749963613,0.237520899304429,0.20946298657992737,0.06675412954746482,0.18320154906149985,0.3479560749963613,0.18464339999991353,[42],0.237520899304429,0.06675412954746482,0.18320154906149985,0.3479560749963613
logistic,21,"{""C"": 100, ""class_weight"": null}",0.1721268884280866,0.19813722911359188,0.2346267171074958,0.34411319409108987,0.23725100718506603,0.21638197311054386,0.06556952868453246,0.1721268884280866,0.34411319409108987,0.23135359999992033,[42],0.23725100718506603,0.06556952868453246,0.1721268884280866,0.34411319409108987
logistic,9,"{""C"": 0.1, ""class_weight"": null}",0.19286996387442795,0.18292751796534773,0.24138819824665692,0.33082410967390413,0.2370024474400842,0.21712908106054243,0.058509642833094164,0.18292751796534773,0.33082410967390413,0.1264682000000903,[42],0.2370024474400842,0.058509642833094164,0.18292751796534773,0.33082410967390413
random_forest,93,"{""class_weight"": null, ""criterion"": ""gini"", ""max_depth"": null, ""max_features"": ""log2"", ""min_samples_leaf"": 5, ""min_samples_split"": 10, ""n_estimators"": 200}",0.23382943479288984,0.32042069561338643,0.2765434430947603,0.3036548963642194,0.283612117466314,0.29009916972948985,0.03272944416994186,0.23382943479288984,0.32042069561338643,3.369590300000027,"[1, 7, 42, 101, 202]",0.27726873842996425,0.030426450518396493,0.22664141421708334,0.32195693913122714
random_forest,138,"{""class_weight"": null, ""criterion"": ""entropy"", ""max_depth"": null, ""max_features"": ""sqrt"", ""min_samples_leaf"": 2, ""min_samples_split"": 20, ""n_estimators"": 200}",0.24354523896726282,0.32238197072030955,0.26992663137228035,0.2983369617486779,0.28354770070213264,0.28413179656047916,0.029633398576124802,0.24354523896726282,0.32238197072030955,4.345874400000184,"[1, 7, 42, 101, 202]",0.28519749128793104,0.032572519203469166,0.23776909540591257,0.3437785845938618
random_forest,31,"{""class_weight"": null, ""criterion"": ""entropy"", ""max_depth"": null, ""max_features"": ""log2"", ""min_samples_leaf"": 2, ""min_samples_split"": 10, ""n_estimators"": 800}",0.24202719669831918,0.31219514448943575,0.28102594157310123,0.2935435919469784,0.2821979686769586,0.2872847667600398,0.025708064362189427,0.24202719669831918,0.31219514448943575,15.412755300000072,"[1, 7, 42, 101, 202]",0.2809596514095237,0.026405707219850166,0.23819562129982774,0.31623099903661733
random_forest,72,"{""class_weight"": null, ""criterion"": ""entropy"", ""max_depth"": null, ""max_features"": ""sqrt"", ""min_samples_leaf"": 5, ""min_samples_split"": 10, ""n_estimators"": 200}",0.24425819474648117,0.316392211004929,0.2688201167263764,0.29286688838601654,0.2805843527159508,0.2808435025561965,0.026884244451775282,0.24425819474648117,0.316392211004929,3.9544680999999855,"[1, 7, 42, 101, 202]",0.2767053597263031,0.024970017893394966,0.23415366669303475,0.31856742994855053
random_forest,209,"{""class_weight"": null, ""criterion"": ""log_loss"", ""max_depth"": 14, ""max_features"": ""sqrt"", ""min_samples_leaf"": 5, ""min_samples_split"": 10, ""n_estimators"": 400}",0.2418355512369703,0.30277787814353496,0.26852929160697486,0.30789962488285716,0.28026058646758434,0.28565358487525494,0.02685633761573446,0.2418355512369703,0.30789962488285716,7.58222980000005,"[1, 7, 42, 101, 202]",0.28064028508788985,0.025284131161595138,0.2418355512369703,0.3108994042848858
random_forest,78,"{""class_weight"": null, ""criterion"": ""entropy"", ""max_depth"": 14, ""max_features"": ""log2"", ""min_samples_leaf"": 5, ""min_samples_split"": 5, ""n_estimators"": 400}",0.24156797946787256,0.29336813647691873,0.27134224874056967,0.3137465389308158,0.28000622590404417,0.2823551926087442,0.02678391619367441,0.24156797946787256,0.3137465389308158,6.585817799999859,"[1, 7, 42, 101, 202]",0.2765328756141626,0.0247922117266737,0.2338921977655492,0.3137465389308158
random_forest,50,"{""class_weight"": ""balanced_subsample"", ""criterion"": ""entropy"", ""max_depth"": 20, ""max_features"": ""sqrt"", ""min_samples_leaf"": 10, ""min_samples_split"": 5, ""n_estimators"": 200}",0.24310218551132956,0.3185739355892977,0.2704860049829225,0.2875398675304075,0.27992549840348935,0.279012936256665,0.02737124733409661,0.24310218551132956,0.3185739355892977,5.1669429999999466,"[1, 7, 42, 101, 202]",0.2697501076932459,0.01910893529917591,0.23810088026109552,0.3185739355892977
random_forest,103,"{""class_weight"": null, ""criterion"": ""gini"", ""max_depth"": null, ""max_features"": ""log2"", ""min_samples_leaf"": 5, ""min_samples_split"": 5, ""n_estimators"": 800}",0.23236849915663807,0.30930014098054737,0.272810770659916,0.30506356395445133,0.2798857436878882,0.28893716730718366,0.030850742181732463,0.23236849915663807,0.30930014098054737,12.95758479999995,"[1, 7, 42, 101, 202]",0.27913143936602014,0.03132112445741496,0.22886115759596548,0.3164063136366611
random_forest,18,"{""class_weight"": ""balanced"", ""criterion"": ""log_loss"", ""max_depth"": 20, ""max_features"": 0.3, ""min_samples_leaf"": 5, ""min_samples_split"": 2, ""n_estimators"": 200}",0.2730139769900993,0.3151021923420606,0.2760639468782669,0.2535182608920957,0.2794245942756306,0.27453896193418315,0.022340652844531777,0.2535182608920957,0.3151021923420606,6.900624500000049,"[1, 7, 42, 101, 202]",0.2737594708826631,0.017184344225714406,0.25226275559051414,0.3151021923420606
random_forest,58,"{""class_weight"": null, ""criterion"": ""gini"", ""max_depth"": 14, ""max_features"": ""sqrt"", ""min_samples_leaf"": 2, ""min_samples_split"": 10, ""n_estimators"": 400}",0.23084857571325365,0.30958139033122434,0.2756870937518323,0.29986839653115277,0.2789963640818658,0.28777774514149257,0.03041482518503083,0.23084857571325365,0.30958139033122434,7.216153099999929,"[1, 7, 42, 101, 202]",0.27808421438748854,0.029130602182385536,0.22967527774488,0.30958139033122434
gradient_boosting,107,"{""l2_regularization"": 10, ""learning_rate"": 0.05, ""max_iter"": 400, ""max_leaf_nodes"": 5, ""min_samples_leaf"": 40}",0.2591086782361327,0.31980907786524215,0.28492768899348164,0.28641767804400464,0.2875657807847153,0.28567268351874314,0.021550606489643506,0.2591086782361327,0.31980907786524215,3.6120687999996335,[42],0.2875657807847153,0.021550606489643506,0.2591086782361327,0.31980907786524215
gradient_boosting,54,"{""l2_regularization"": 1, ""learning_rate"": 0.03, ""max_iter"": 200, ""max_leaf_nodes"": 7, ""min_samples_leaf"": 40}",0.24702264147321207,0.321623667705198,0.28912461222745917,0.2894300840886914,0.2868002513736402,0.28927734815807526,0.026491731011202183,0.24702264147321207,0.321623667705198,2.3285774000000856,[42],0.2868002513736402,0.026491731011202183,0.24702264147321207,0.321623667705198
gradient_boosting,163,"{""l2_regularization"": 10, ""learning_rate"": 0.2, ""max_iter"": 100, ""max_leaf_nodes"": 5, ""min_samples_leaf"": 80}",0.26097701941925217,0.3185039001440972,0.2710072914196766,0.29273476397752096,0.28580574374013673,0.2818710276985988,0.022094345974430635,0.26097701941925217,0.3185039001440972,1.0362110999999459,[42],0.28580574374013673,0.022094345974430635,0.26097701941925217,0.3185039001440972
gradient_boosting,34,"{""l2_regularization"": 5, ""learning_rate"": 0.01, ""max_iter"": 800, ""max_leaf_nodes"": 7, ""min_samples_leaf"": 40}",0.2508661312366141,0.3169723485297258,0.28018030488654544,0.2945867109647781,0.28565137390441586,0.2873835079256618,0.023983272313832345,0.2508661312366141,0.3169723485297258,8.50962359999994,[42],0.28565137390441586,0.023983272313832345,0.2508661312366141,0.3169723485297258
gradient_boosting,114,"{""l2_regularization"": 10, ""learning_rate"": 0.05, ""max_iter"": 800, ""max_leaf_nodes"": 5, ""min_samples_leaf"": 40}",0.26286475760873435,0.3091587703430523,0.27594869684730694,0.2892769887939941,0.28431230339827196,0.2826128428206505,0.017116820350536893,0.26286475760873435,0.3091587703430523,7.232058099999904,[42],0.28431230339827196,0.017116820350536893,0.26286475760873435,0.3091587703430523
gradient_boosting,75,"{""l2_regularization"": 5, ""learning_rate"": 0.03, ""max_iter"": 800, ""max_leaf_nodes"": 5, ""min_samples_leaf"": 80}",0.26429876921326145,0.29114137410117374,0.276341936609732,0.30508012474262136,0.2842155511666971,0.28374165535545287,0.015345760517136584,0.26429876921326145,0.30508012474262136,7.065280199999961,[42],0.2842155511666971,0.015345760517136584,0.26429876921326145,0.30508012474262136
gradient_boosting,137,"{""l2_regularization"": 5, ""learning_rate"": 0.1, ""max_iter"": 200, ""max_leaf_nodes"": 5, ""min_samples_leaf"": 80}",0.2597731241742206,0.28868572208372734,0.27375823517622944,0.3136125101428783,0.2839573978942639,0.2812219786299784,0.01994169468496537,0.2597731241742206,0.3136125101428783,1.8820052999999461,[42],0.2839573978942639,0.01994169468496537,0.2597731241742206,0.3136125101428783
gradient_boosting,63,"{""l2_regularization"": 5, ""learning_rate"": 0.03, ""max_iter"": 400, ""max_leaf_nodes"": 7, ""min_samples_leaf"": 10}",0.26445082317077906,0.3033785183608615,0.2798024390485417,0.2842345369720761,0.2829665793880646,0.28201848801030893,0.013884343533726948,0.26445082317077906,0.3033785183608615,4.54614649999985,[42],0.2829665793880646,0.013884343533726948,0.26445082317077906,0.3033785183608615
gradient_boosting,90,"{""l2_regularization"": 0, ""learning_rate"": 0.05, ""max_iter"": 100, ""max_leaf_nodes"": 5, ""min_samples_leaf"": 20}",0.26525223952993815,0.3036959448377869,0.2688164304854415,0.2934134738568029,0.28279452217749235,0.2811149521711222,0.01622305713968446,0.26525223952993815,0.3036959448377869,1.0676509999998416,[42],0.28279452217749235,0.01622305713968446,0.26525223952993815,0.3036959448377869
gradient_boosting,32,"{""l2_regularization"": 5, ""learning_rate"": 0.01, ""max_iter"": 800, ""max_leaf_nodes"": 7, ""min_samples_leaf"": 10}",0.2597073065057641,0.3059516882836207,0.2803291782504628,0.2850957773323996,0.2827709875930618,0.28271247779143116,0.016436585335765332,0.2597073065057641,0.3059516882836207,8.722397399999863,[42],0.2827709875930618,0.016436585335765332,0.2597073065057641,0.3059516882836207
xgboost,60,"{""colsample_bytree"": 0.7, ""learning_rate"": 0.05, ""max_depth"": 4, ""min_child_weight"": 10, ""n_estimators"": 200, ""reg_alpha"": 1, ""reg_lambda"": 3, ""scale_pos_weight"": ""train_ratio"", ""subsample"": 1.0}",0.270596012423215,0.30787319759498744,0.2929678184607141,0.3004024964643931,0.2929598812358274,0.29668515746255364,0.013945807770940915,0.270596012423215,0.30787319759498744,0.7052345000001878,"[1, 7, 42, 101, 202]",0.2892140528084437,0.014940803035731738,0.26343640927464146,0.3086094925068788
xgboost,183,"{""colsample_bytree"": 0.7, ""learning_rate"": 0.1, ""max_depth"": 2, ""min_child_weight"": 1, ""n_estimators"": 400, ""reg_alpha"": 0.1, ""reg_lambda"": 10, ""scale_pos_weight"": ""train_ratio"", ""subsample"": 0.8}",0.2706521169647081,0.29504075276832353,0.25927568442219506,0.32065435472779213,0.28640572722075475,0.28284643486651584,0.023620688022759104,0.25927568442219506,0.32065435472779213,1.18093429999999,"[1, 7, 42, 101, 202]",0.2826301913853501,0.017162327210475642,0.25927568442219506,0.32065435472779213
xgboost,225,"{""colsample_bytree"": 0.7, ""learning_rate"": 0.01, ""max_depth"": 4, ""min_child_weight"": 5, ""n_estimators"": 800, ""reg_alpha"": 0, ""reg_lambda"": 3, ""scale_pos_weight"": ""sqrt_train_ratio"", ""subsample"": 0.8}",0.2761485365184877,0.2999282388616411,0.282895393080514,0.2863063337570128,0.2863196255544139,0.2846008634187634,0.008665606629509104,0.2761485365184877,0.2999282388616411,3.085403900000074,"[1, 7, 42, 101, 202]",0.28308989707526633,0.008893164392045726,0.26810557825689224,0.2999282388616411
xgboost,175,"{""colsample_bytree"": 0.7, ""learning_rate"": 0.1, ""max_depth"": 3, ""min_child_weight"": 1, ""n_estimators"": 100, ""reg_alpha"": 1, ""reg_lambda"": 1, ""scale_pos_weight"": ""train_ratio"", ""subsample"": 0.8}",0.2708752509735624,0.3024110511558997,0.2677445454319042,0.3032469038775638,0.2860694378597325,0.28664315106473104,0.016798650701310522,0.2677445454319042,0.3032469038775638,0.43971970000029614,"[1, 7, 42, 101, 202]",0.2717050323131033,0.023336081318896303,0.2167879873848414,0.31476327799385384
xgboost,69,"{""colsample_bytree"": 1.0, ""learning_rate"": 0.03, ""max_depth"": 6, ""min_child_weight"": 3, ""n_estimators"": 100, ""reg_alpha"": 1, ""reg_lambda"": 1, ""scale_pos_weight"": ""train_ratio"", ""subsample"": 0.8}",0.25021908559303296,0.3076163811087544,0.29413863438722876,0.2894985224926871,0.2853681558954258,0.29181857843995795,0.021356625959339258,0.25021908559303296,0.3076163811087544,0.7258096000000478,"[1, 7, 42, 101, 202]",0.27424473986611764,0.016924440015893417,0.25021908559303296,0.3076163811087544
xgboost,44,"{""colsample_bytree"": 0.5, ""learning_rate"": 0.1, ""max_depth"": 2, ""min_child_weight"": 5, ""n_estimators"": 400, ""reg_alpha"": 1, ""reg_lambda"": 3, ""scale_pos_weight"": ""one"", ""subsample"": 0.8}",0.26071745273108976,0.31980170769289,0.26726282280086516,0.29183512810719636,0.2849042778330103,0.2795489754540308,0.02324914375041854,0.26071745273108976,0.31980170769289,1.148091800000202,"[1, 7, 42, 101, 202]",0.2768421019327506,0.018773906518759917,0.2527968743357953,0.31980170769289
xgboost,17,"{""colsample_bytree"": 1.0, ""learning_rate"": 0.03, ""max_depth"": 3, ""min_child_weight"": 10, ""n_estimators"": 800, ""reg_alpha"": 0, ""reg_lambda"": 10, ""scale_pos_weight"": ""sqrt_train_ratio"", ""subsample"": 0.8}",0.27340227227617614,0.29340949219145174,0.284918473119726,0.2869785028773077,0.2846771851161654,0.28594848799851685,0.007223765114967086,0.27340227227617614,0.29340949219145174,2.6766163000002052,"[1, 7, 42, 101, 202]",0.28067786971717806,0.00746370684784819,0.26846209592590864,0.29738297039416295
xgboost,219,"{""colsample_bytree"": 1.0, ""learning_rate"": 0.01, ""max_depth"": 4, ""min_child_weight"": 1, ""n_estimators"": 800, ""reg_alpha"": 0.1, ""reg_lambda"": 10, ""scale_pos_weight"": ""sqrt_train_ratio"", ""subsample"": 0.6}",0.26790918010413733,0.29334911012484777,0.2873749827604612,0.2890525567821537,0.28442145744290004,0.2882137697713074,0.009779170187357605,0.26790918010413733,0.29334911012484777,3.531255500000043,"[1, 7, 42, 101, 202]",0.28207357122466925,0.009898885385069544,0.2620709465151167,0.29334911012484777
xgboost,18,"{""colsample_bytree"": 0.7, ""learning_rate"": 0.01, ""max_depth"": 4, ""min_child_weight"": 5, ""n_estimators"": 400, ""reg_alpha"": 1, ""reg_lambda"": 3, ""scale_pos_weight"": ""train_ratio"", ""subsample"": 1.0}",0.2474074591590311,0.30869663606720116,0.27867211207756676,0.30140620564873516,0.28404560323813355,0.29003915886315096,0.023876201249426778,0.2474074591590311,0.30869663606720116,1.4026868000000832,"[1, 7, 42, 101, 202]",0.28287263845801924,0.022201601999631733,0.2459545875853236,0.30869663606720116
xgboost,61,"{""colsample_bytree"": 0.7, ""learning_rate"": 0.03, ""max_depth"": 2, ""min_child_weight"": 10, ""n_estimators"": 800, ""reg_alpha"": 0.1, ""reg_lambda"": 3, ""scale_pos_weight"": ""train_ratio"", ""subsample"": 0.8}",0.2727954544900608,0.2918527000229094,0.2714926608055022,0.2981534746442011,0.2835735724906684,0.2823240772564851,0.011653687766985018,0.2714926608055022,0.2981534746442011,2.2216248999998243,"[1, 7, 42, 101, 202]",0.27960639317344854,0.01918559982232149,0.2317311876953621,0.3110081009666031
